--
-- PostgreSQL database dump
--

\restrict Y3NLkoaPnAUlpLbqzJPJHzCoYhVfnakVSJFEZ7JV6uMa60wmSpfVybAAxm6K1Kz

-- Dumped from database version 18.0
-- Dumped by pg_dump version 18.0

SET statement_timeout = 0;
SET lock_timeout = 0;
SET idle_in_transaction_session_timeout = 0;
SET transaction_timeout = 0;
SET client_encoding = 'UTF8';
SET standard_conforming_strings = on;
SELECT pg_catalog.set_config('search_path', '', false);
SET check_function_bodies = false;
SET xmloption = content;
SET client_min_messages = warning;
SET row_security = off;

--
-- Name: django; Type: SCHEMA; Schema: -; Owner: postgres
--

CREATE SCHEMA django;


ALTER SCHEMA django OWNER TO postgres;

SET default_tablespace = '';

SET default_table_access_method = heap;

--
-- Name: aplicatie_brand; Type: TABLE; Schema: django; Owner: andrei
--

CREATE TABLE django.aplicatie_brand (
    id_brand integer NOT NULL,
    nume character varying(50) NOT NULL,
    tara_origine character varying(50) NOT NULL,
    website character varying(100) NOT NULL,
    an_infiintare integer NOT NULL
);


ALTER TABLE django.aplicatie_brand OWNER TO andrei;

--
-- Name: aplicatie_brand_id_brand_seq; Type: SEQUENCE; Schema: django; Owner: andrei
--

ALTER TABLE django.aplicatie_brand ALTER COLUMN id_brand ADD GENERATED BY DEFAULT AS IDENTITY (
    SEQUENCE NAME django.aplicatie_brand_id_brand_seq
    START WITH 1
    INCREMENT BY 1
    NO MINVALUE
    NO MAXVALUE
    CACHE 1
);


--
-- Name: aplicatie_categorie; Type: TABLE; Schema: django; Owner: andrei
--

CREATE TABLE django.aplicatie_categorie (
    id_categorie integer NOT NULL,
    nume character varying(50) NOT NULL,
    descriere text NOT NULL,
    numar_produse integer NOT NULL,
    culoare character varying(7) NOT NULL,
    icon character varying(50) NOT NULL
);


ALTER TABLE django.aplicatie_categorie OWNER TO andrei;

--
-- Name: aplicatie_categorie_id_categorie_seq; Type: SEQUENCE; Schema: django; Owner: andrei
--

ALTER TABLE django.aplicatie_categorie ALTER COLUMN id_categorie ADD GENERATED BY DEFAULT AS IDENTITY (
    SEQUENCE NAME django.aplicatie_categorie_id_categorie_seq
    START WITH 1
    INCREMENT BY 1
    NO MINVALUE
    NO MAXVALUE
    CACHE 1
);


--
-- Name: aplicatie_comanda; Type: TABLE; Schema: django; Owner: andrei
--

CREATE TABLE django.aplicatie_comanda (
    id bigint NOT NULL,
    created_at timestamp with time zone NOT NULL,
    updated_at timestamp with time zone NOT NULL,
    status character varying(10) NOT NULL,
    metoda_plata character varying(10) NOT NULL,
    adresa_livrare character varying(255) NOT NULL,
    total numeric(10,2) NOT NULL,
    user_id bigint NOT NULL,
    voucher_id bigint
);


ALTER TABLE django.aplicatie_comanda OWNER TO andrei;

--
-- Name: aplicatie_comanda_id_seq; Type: SEQUENCE; Schema: django; Owner: andrei
--

ALTER TABLE django.aplicatie_comanda ALTER COLUMN id ADD GENERATED BY DEFAULT AS IDENTITY (
    SEQUENCE NAME django.aplicatie_comanda_id_seq
    START WITH 1
    INCREMENT BY 1
    NO MINVALUE
    NO MAXVALUE
    CACHE 1
);


--
-- Name: aplicatie_comandaitem; Type: TABLE; Schema: django; Owner: andrei
--

CREATE TABLE django.aplicatie_comandaitem (
    id bigint NOT NULL,
    cantitate integer NOT NULL,
    pret_unitar numeric(10,2) NOT NULL,
    comanda_id bigint NOT NULL,
    produs_id integer NOT NULL,
    CONSTRAINT aplicatie_comandaitem_cantitate_check CHECK ((cantitate >= 0))
);


ALTER TABLE django.aplicatie_comandaitem OWNER TO andrei;

--
-- Name: aplicatie_comandaitem_id_seq; Type: SEQUENCE; Schema: django; Owner: andrei
--

ALTER TABLE django.aplicatie_comandaitem ALTER COLUMN id ADD GENERATED BY DEFAULT AS IDENTITY (
    SEQUENCE NAME django.aplicatie_comandaitem_id_seq
    START WITH 1
    INCREMENT BY 1
    NO MINVALUE
    NO MAXVALUE
    CACHE 1
);


--
-- Name: aplicatie_culoare; Type: TABLE; Schema: django; Owner: andrei
--

CREATE TABLE django.aplicatie_culoare (
    id_culoare integer NOT NULL,
    nume character varying(50) NOT NULL,
    cod_hex character varying(7) NOT NULL,
    data_adaugare date NOT NULL,
    intensitate integer NOT NULL
);


ALTER TABLE django.aplicatie_culoare OWNER TO andrei;

--
-- Name: aplicatie_culoare_id_culoare_seq; Type: SEQUENCE; Schema: django; Owner: andrei
--

ALTER TABLE django.aplicatie_culoare ALTER COLUMN id_culoare ADD GENERATED BY DEFAULT AS IDENTITY (
    SEQUENCE NAME django.aplicatie_culoare_id_culoare_seq
    START WITH 1
    INCREMENT BY 1
    NO MINVALUE
    NO MAXVALUE
    CACHE 1
);


--
-- Name: aplicatie_customuser; Type: TABLE; Schema: django; Owner: andrei
--

CREATE TABLE django.aplicatie_customuser (
    id bigint NOT NULL,
    password character varying(128) NOT NULL,
    last_login timestamp with time zone,
    is_superuser boolean NOT NULL,
    username character varying(150) NOT NULL,
    first_name character varying(150) NOT NULL,
    last_name character varying(150) NOT NULL,
    email character varying(254) NOT NULL,
    is_staff boolean NOT NULL,
    is_active boolean NOT NULL,
    date_joined timestamp with time zone NOT NULL,
    phone character varying(20) NOT NULL,
    country character varying(50) NOT NULL,
    county character varying(50) NOT NULL,
    street character varying(100) NOT NULL,
    birth_date date,
    created_at timestamp with time zone NOT NULL,
    newsletter boolean NOT NULL,
    cod character varying(100),
    email_confirmat boolean NOT NULL
);


ALTER TABLE django.aplicatie_customuser OWNER TO andrei;

--
-- Name: aplicatie_customuser_groups; Type: TABLE; Schema: django; Owner: andrei
--

CREATE TABLE django.aplicatie_customuser_groups (
    id bigint NOT NULL,
    customuser_id bigint NOT NULL,
    group_id integer NOT NULL
);


ALTER TABLE django.aplicatie_customuser_groups OWNER TO andrei;

--
-- Name: aplicatie_customuser_groups_id_seq; Type: SEQUENCE; Schema: django; Owner: andrei
--

ALTER TABLE django.aplicatie_customuser_groups ALTER COLUMN id ADD GENERATED BY DEFAULT AS IDENTITY (
    SEQUENCE NAME django.aplicatie_customuser_groups_id_seq
    START WITH 1
    INCREMENT BY 1
    NO MINVALUE
    NO MAXVALUE
    CACHE 1
);


--
-- Name: aplicatie_customuser_id_seq; Type: SEQUENCE; Schema: django; Owner: andrei
--

ALTER TABLE django.aplicatie_customuser ALTER COLUMN id ADD GENERATED BY DEFAULT AS IDENTITY (
    SEQUENCE NAME django.aplicatie_customuser_id_seq
    START WITH 1
    INCREMENT BY 1
    NO MINVALUE
    NO MAXVALUE
    CACHE 1
);


--
-- Name: aplicatie_customuser_user_permissions; Type: TABLE; Schema: django; Owner: andrei
--

CREATE TABLE django.aplicatie_customuser_user_permissions (
    id bigint NOT NULL,
    customuser_id bigint NOT NULL,
    permission_id integer NOT NULL
);


ALTER TABLE django.aplicatie_customuser_user_permissions OWNER TO andrei;

--
-- Name: aplicatie_customuser_user_permissions_id_seq; Type: SEQUENCE; Schema: django; Owner: andrei
--

ALTER TABLE django.aplicatie_customuser_user_permissions ALTER COLUMN id ADD GENERATED BY DEFAULT AS IDENTITY (
    SEQUENCE NAME django.aplicatie_customuser_user_permissions_id_seq
    START WITH 1
    INCREMENT BY 1
    NO MINVALUE
    NO MAXVALUE
    CACHE 1
);


--
-- Name: aplicatie_dimensiune; Type: TABLE; Schema: django; Owner: andrei
--

CREATE TABLE django.aplicatie_dimensiune (
    id_dimensiune integer NOT NULL,
    eticheta character varying(20) NOT NULL,
    unitate_masura character varying(10) NOT NULL,
    disponibil boolean NOT NULL,
    lungime numeric(6,2),
    latime numeric(6,2)
);


ALTER TABLE django.aplicatie_dimensiune OWNER TO andrei;

--
-- Name: aplicatie_dimensiune_id_dimensiune_seq; Type: SEQUENCE; Schema: django; Owner: andrei
--

ALTER TABLE django.aplicatie_dimensiune ALTER COLUMN id_dimensiune ADD GENERATED BY DEFAULT AS IDENTITY (
    SEQUENCE NAME django.aplicatie_dimensiune_id_dimensiune_seq
    START WITH 1
    INCREMENT BY 1
    NO MINVALUE
    NO MAXVALUE
    CACHE 1
);


--
-- Name: aplicatie_furnizor; Type: TABLE; Schema: django; Owner: andrei
--

CREATE TABLE django.aplicatie_furnizor (
    id_furnizor integer NOT NULL,
    nume character varying(50) NOT NULL,
    tara character varying(50) NOT NULL,
    email character varying(254) NOT NULL,
    telefon character varying(20) NOT NULL,
    rating double precision NOT NULL
);


ALTER TABLE django.aplicatie_furnizor OWNER TO andrei;

--
-- Name: aplicatie_furnizor_id_furnizor_seq; Type: SEQUENCE; Schema: django; Owner: andrei
--

ALTER TABLE django.aplicatie_furnizor ALTER COLUMN id_furnizor ADD GENERATED BY DEFAULT AS IDENTITY (
    SEQUENCE NAME django.aplicatie_furnizor_id_furnizor_seq
    START WITH 1
    INCREMENT BY 1
    NO MINVALUE
    NO MAXVALUE
    CACHE 1
);


--
-- Name: aplicatie_locatie; Type: TABLE; Schema: django; Owner: andrei
--

CREATE TABLE django.aplicatie_locatie (
    id bigint NOT NULL,
    adresa character varying(255) NOT NULL,
    oras character varying(100) NOT NULL,
    judet character varying(100) NOT NULL,
    cod_postal character varying(10) NOT NULL,
    nr integer NOT NULL
);


ALTER TABLE django.aplicatie_locatie OWNER TO andrei;

--
-- Name: aplicatie_locatie_id_seq; Type: SEQUENCE; Schema: django; Owner: andrei
--

ALTER TABLE django.aplicatie_locatie ALTER COLUMN id ADD GENERATED BY DEFAULT AS IDENTITY (
    SEQUENCE NAME django.aplicatie_locatie_id_seq
    START WITH 1
    INCREMENT BY 1
    NO MINVALUE
    NO MAXVALUE
    CACHE 1
);


--
-- Name: aplicatie_organizator; Type: TABLE; Schema: django; Owner: andrei
--

CREATE TABLE django.aplicatie_organizator (
    id bigint NOT NULL,
    nume character varying(100) NOT NULL,
    email character varying(254) NOT NULL
);


ALTER TABLE django.aplicatie_organizator OWNER TO andrei;

--
-- Name: aplicatie_organizator_id_seq; Type: SEQUENCE; Schema: django; Owner: andrei
--

ALTER TABLE django.aplicatie_organizator ALTER COLUMN id ADD GENERATED BY DEFAULT AS IDENTITY (
    SEQUENCE NAME django.aplicatie_organizator_id_seq
    START WITH 1
    INCREMENT BY 1
    NO MINVALUE
    NO MAXVALUE
    CACHE 1
);


--
-- Name: aplicatie_produs; Type: TABLE; Schema: django; Owner: andrei
--

CREATE TABLE django.aplicatie_produs (
    id_produs integer NOT NULL,
    nume character varying(100) NOT NULL,
    pret numeric(8,2) NOT NULL,
    descriere text NOT NULL,
    stoc_disponibil boolean NOT NULL,
    data_adaugare date NOT NULL,
    brand_id integer NOT NULL,
    categorie_id integer NOT NULL,
    furnizor_id integer NOT NULL
);


ALTER TABLE django.aplicatie_produs OWNER TO andrei;

--
-- Name: aplicatie_produs_culori; Type: TABLE; Schema: django; Owner: andrei
--

CREATE TABLE django.aplicatie_produs_culori (
    id bigint NOT NULL,
    produs_id integer NOT NULL,
    culoare_id integer NOT NULL
);


ALTER TABLE django.aplicatie_produs_culori OWNER TO andrei;

--
-- Name: aplicatie_produs_culori_id_seq; Type: SEQUENCE; Schema: django; Owner: andrei
--

ALTER TABLE django.aplicatie_produs_culori ALTER COLUMN id ADD GENERATED BY DEFAULT AS IDENTITY (
    SEQUENCE NAME django.aplicatie_produs_culori_id_seq
    START WITH 1
    INCREMENT BY 1
    NO MINVALUE
    NO MAXVALUE
    CACHE 1
);


--
-- Name: aplicatie_produs_dimensiuni; Type: TABLE; Schema: django; Owner: andrei
--

CREATE TABLE django.aplicatie_produs_dimensiuni (
    id bigint NOT NULL,
    produs_id integer NOT NULL,
    dimensiune_id integer NOT NULL
);


ALTER TABLE django.aplicatie_produs_dimensiuni OWNER TO andrei;

--
-- Name: aplicatie_produs_dimensiuni_id_seq; Type: SEQUENCE; Schema: django; Owner: andrei
--

ALTER TABLE django.aplicatie_produs_dimensiuni ALTER COLUMN id ADD GENERATED BY DEFAULT AS IDENTITY (
    SEQUENCE NAME django.aplicatie_produs_dimensiuni_id_seq
    START WITH 1
    INCREMENT BY 1
    NO MINVALUE
    NO MAXVALUE
    CACHE 1
);


--
-- Name: aplicatie_produs_id_produs_seq; Type: SEQUENCE; Schema: django; Owner: andrei
--

ALTER TABLE django.aplicatie_produs ALTER COLUMN id_produs ADD GENERATED BY DEFAULT AS IDENTITY (
    SEQUENCE NAME django.aplicatie_produs_id_produs_seq
    START WITH 1
    INCREMENT BY 1
    NO MINVALUE
    NO MAXVALUE
    CACHE 1
);


--
-- Name: aplicatie_review; Type: TABLE; Schema: django; Owner: andrei
--

CREATE TABLE django.aplicatie_review (
    id bigint NOT NULL,
    rating integer NOT NULL,
    titlu character varying(100) NOT NULL,
    text text NOT NULL,
    created_at timestamp with time zone NOT NULL,
    approved boolean NOT NULL,
    produs_id integer NOT NULL,
    user_id bigint NOT NULL,
    CONSTRAINT aplicatie_review_rating_check CHECK ((rating >= 0))
);


ALTER TABLE django.aplicatie_review OWNER TO andrei;

--
-- Name: aplicatie_review_id_seq; Type: SEQUENCE; Schema: django; Owner: andrei
--

ALTER TABLE django.aplicatie_review ALTER COLUMN id ADD GENERATED BY DEFAULT AS IDENTITY (
    SEQUENCE NAME django.aplicatie_review_id_seq
    START WITH 1
    INCREMENT BY 1
    NO MINVALUE
    NO MAXVALUE
    CACHE 1
);


--
-- Name: aplicatie_voucher; Type: TABLE; Schema: django; Owner: andrei
--

CREATE TABLE django.aplicatie_voucher (
    id bigint NOT NULL,
    code character varying(30) NOT NULL,
    discount_percent numeric(5,2),
    discount_amount numeric(8,2),
    valid_from timestamp with time zone NOT NULL,
    valid_to timestamp with time zone NOT NULL,
    active boolean NOT NULL,
    usage_limit integer,
    used_count integer NOT NULL,
    min_order_total numeric(10,2) NOT NULL,
    CONSTRAINT aplicatie_voucher_usage_limit_check CHECK ((usage_limit >= 0)),
    CONSTRAINT aplicatie_voucher_used_count_check CHECK ((used_count >= 0))
);


ALTER TABLE django.aplicatie_voucher OWNER TO andrei;

--
-- Name: aplicatie_voucher_eligible_users; Type: TABLE; Schema: django; Owner: andrei
--

CREATE TABLE django.aplicatie_voucher_eligible_users (
    id bigint NOT NULL,
    voucher_id bigint NOT NULL,
    customuser_id bigint NOT NULL
);


ALTER TABLE django.aplicatie_voucher_eligible_users OWNER TO andrei;

--
-- Name: aplicatie_voucher_eligible_users_id_seq; Type: SEQUENCE; Schema: django; Owner: andrei
--

ALTER TABLE django.aplicatie_voucher_eligible_users ALTER COLUMN id ADD GENERATED BY DEFAULT AS IDENTITY (
    SEQUENCE NAME django.aplicatie_voucher_eligible_users_id_seq
    START WITH 1
    INCREMENT BY 1
    NO MINVALUE
    NO MAXVALUE
    CACHE 1
);


--
-- Name: aplicatie_voucher_id_seq; Type: SEQUENCE; Schema: django; Owner: andrei
--

ALTER TABLE django.aplicatie_voucher ALTER COLUMN id ADD GENERATED BY DEFAULT AS IDENTITY (
    SEQUENCE NAME django.aplicatie_voucher_id_seq
    START WITH 1
    INCREMENT BY 1
    NO MINVALUE
    NO MAXVALUE
    CACHE 1
);


--
-- Name: auth_group; Type: TABLE; Schema: django; Owner: andrei
--

CREATE TABLE django.auth_group (
    id integer NOT NULL,
    name character varying(150) NOT NULL
);


ALTER TABLE django.auth_group OWNER TO andrei;

--
-- Name: auth_group_id_seq; Type: SEQUENCE; Schema: django; Owner: andrei
--

ALTER TABLE django.auth_group ALTER COLUMN id ADD GENERATED BY DEFAULT AS IDENTITY (
    SEQUENCE NAME django.auth_group_id_seq
    START WITH 1
    INCREMENT BY 1
    NO MINVALUE
    NO MAXVALUE
    CACHE 1
);


--
-- Name: auth_group_permissions; Type: TABLE; Schema: django; Owner: andrei
--

CREATE TABLE django.auth_group_permissions (
    id bigint NOT NULL,
    group_id integer NOT NULL,
    permission_id integer NOT NULL
);


ALTER TABLE django.auth_group_permissions OWNER TO andrei;

--
-- Name: auth_group_permissions_id_seq; Type: SEQUENCE; Schema: django; Owner: andrei
--

ALTER TABLE django.auth_group_permissions ALTER COLUMN id ADD GENERATED BY DEFAULT AS IDENTITY (
    SEQUENCE NAME django.auth_group_permissions_id_seq
    START WITH 1
    INCREMENT BY 1
    NO MINVALUE
    NO MAXVALUE
    CACHE 1
);


--
-- Name: auth_permission; Type: TABLE; Schema: django; Owner: andrei
--

CREATE TABLE django.auth_permission (
    id integer NOT NULL,
    name character varying(255) NOT NULL,
    content_type_id integer NOT NULL,
    codename character varying(100) NOT NULL
);


ALTER TABLE django.auth_permission OWNER TO andrei;

--
-- Name: auth_permission_id_seq; Type: SEQUENCE; Schema: django; Owner: andrei
--

ALTER TABLE django.auth_permission ALTER COLUMN id ADD GENERATED BY DEFAULT AS IDENTITY (
    SEQUENCE NAME django.auth_permission_id_seq
    START WITH 1
    INCREMENT BY 1
    NO MINVALUE
    NO MAXVALUE
    CACHE 1
);


--
-- Name: auth_user; Type: TABLE; Schema: django; Owner: andrei
--

CREATE TABLE django.auth_user (
    id integer NOT NULL,
    password character varying(128) NOT NULL,
    last_login timestamp with time zone,
    is_superuser boolean NOT NULL,
    username character varying(150) NOT NULL,
    first_name character varying(150) NOT NULL,
    last_name character varying(150) NOT NULL,
    email character varying(254) NOT NULL,
    is_staff boolean NOT NULL,
    is_active boolean NOT NULL,
    date_joined timestamp with time zone NOT NULL
);


ALTER TABLE django.auth_user OWNER TO andrei;

--
-- Name: auth_user_groups; Type: TABLE; Schema: django; Owner: andrei
--

CREATE TABLE django.auth_user_groups (
    id bigint NOT NULL,
    user_id integer NOT NULL,
    group_id integer NOT NULL
);


ALTER TABLE django.auth_user_groups OWNER TO andrei;

--
-- Name: auth_user_groups_id_seq; Type: SEQUENCE; Schema: django; Owner: andrei
--

ALTER TABLE django.auth_user_groups ALTER COLUMN id ADD GENERATED BY DEFAULT AS IDENTITY (
    SEQUENCE NAME django.auth_user_groups_id_seq
    START WITH 1
    INCREMENT BY 1
    NO MINVALUE
    NO MAXVALUE
    CACHE 1
);


--
-- Name: auth_user_id_seq; Type: SEQUENCE; Schema: django; Owner: andrei
--

ALTER TABLE django.auth_user ALTER COLUMN id ADD GENERATED BY DEFAULT AS IDENTITY (
    SEQUENCE NAME django.auth_user_id_seq
    START WITH 1
    INCREMENT BY 1
    NO MINVALUE
    NO MAXVALUE
    CACHE 1
);


--
-- Name: auth_user_user_permissions; Type: TABLE; Schema: django; Owner: andrei
--

CREATE TABLE django.auth_user_user_permissions (
    id bigint NOT NULL,
    user_id integer NOT NULL,
    permission_id integer NOT NULL
);


ALTER TABLE django.auth_user_user_permissions OWNER TO andrei;

--
-- Name: auth_user_user_permissions_id_seq; Type: SEQUENCE; Schema: django; Owner: andrei
--

ALTER TABLE django.auth_user_user_permissions ALTER COLUMN id ADD GENERATED BY DEFAULT AS IDENTITY (
    SEQUENCE NAME django.auth_user_user_permissions_id_seq
    START WITH 1
    INCREMENT BY 1
    NO MINVALUE
    NO MAXVALUE
    CACHE 1
);


--
-- Name: django_admin_log; Type: TABLE; Schema: django; Owner: andrei
--

CREATE TABLE django.django_admin_log (
    id integer NOT NULL,
    action_time timestamp with time zone NOT NULL,
    object_id text,
    object_repr character varying(200) NOT NULL,
    action_flag smallint NOT NULL,
    change_message text NOT NULL,
    content_type_id integer,
    user_id integer NOT NULL,
    CONSTRAINT django_admin_log_action_flag_check CHECK ((action_flag >= 0))
);


ALTER TABLE django.django_admin_log OWNER TO andrei;

--
-- Name: django_admin_log_id_seq; Type: SEQUENCE; Schema: django; Owner: andrei
--

ALTER TABLE django.django_admin_log ALTER COLUMN id ADD GENERATED BY DEFAULT AS IDENTITY (
    SEQUENCE NAME django.django_admin_log_id_seq
    START WITH 1
    INCREMENT BY 1
    NO MINVALUE
    NO MAXVALUE
    CACHE 1
);


--
-- Name: django_content_type; Type: TABLE; Schema: django; Owner: andrei
--

CREATE TABLE django.django_content_type (
    id integer NOT NULL,
    app_label character varying(100) NOT NULL,
    model character varying(100) NOT NULL
);


ALTER TABLE django.django_content_type OWNER TO andrei;

--
-- Name: django_content_type_id_seq; Type: SEQUENCE; Schema: django; Owner: andrei
--

ALTER TABLE django.django_content_type ALTER COLUMN id ADD GENERATED BY DEFAULT AS IDENTITY (
    SEQUENCE NAME django.django_content_type_id_seq
    START WITH 1
    INCREMENT BY 1
    NO MINVALUE
    NO MAXVALUE
    CACHE 1
);


--
-- Name: django_migrations; Type: TABLE; Schema: django; Owner: andrei
--

CREATE TABLE django.django_migrations (
    id bigint NOT NULL,
    app character varying(255) NOT NULL,
    name character varying(255) NOT NULL,
    applied timestamp with time zone NOT NULL
);


ALTER TABLE django.django_migrations OWNER TO andrei;

--
-- Name: django_migrations_id_seq; Type: SEQUENCE; Schema: django; Owner: andrei
--

ALTER TABLE django.django_migrations ALTER COLUMN id ADD GENERATED BY DEFAULT AS IDENTITY (
    SEQUENCE NAME django.django_migrations_id_seq
    START WITH 1
    INCREMENT BY 1
    NO MINVALUE
    NO MAXVALUE
    CACHE 1
);


--
-- Name: django_session; Type: TABLE; Schema: django; Owner: andrei
--

CREATE TABLE django.django_session (
    session_key character varying(40) NOT NULL,
    session_data text NOT NULL,
    expire_date timestamp with time zone NOT NULL
);


ALTER TABLE django.django_session OWNER TO andrei;

--
-- Data for Name: aplicatie_brand; Type: TABLE DATA; Schema: django; Owner: andrei
--

COPY django.aplicatie_brand (id_brand, nume, tara_origine, website, an_infiintare) FROM stdin;
1	GymShark	England	www.gymshark.com	2000
2	Stayfit	Romania	www.stayfit.ro	2011
\.


--
-- Data for Name: aplicatie_categorie; Type: TABLE DATA; Schema: django; Owner: andrei
--

COPY django.aplicatie_categorie (id_categorie, nume, descriere, numar_produse, culoare, icon) FROM stdin;
4	Accesorii fitness	Imbunatatesc experienta si eficienta la sala	6	#16a34a	fa-dumbbell
3	Suplimente	Ajuta in parcursul progresului la sala, dar nu inlocuiesc o dieta alimentara echilibrata	4	#0ea5e9	fa-capsules
\.


--
-- Data for Name: aplicatie_comanda; Type: TABLE DATA; Schema: django; Owner: andrei
--

COPY django.aplicatie_comanda (id, created_at, updated_at, status, metoda_plata, adresa_livrare, total, user_id, voucher_id) FROM stdin;
\.


--
-- Data for Name: aplicatie_comandaitem; Type: TABLE DATA; Schema: django; Owner: andrei
--

COPY django.aplicatie_comandaitem (id, cantitate, pret_unitar, comanda_id, produs_id) FROM stdin;
\.


--
-- Data for Name: aplicatie_culoare; Type: TABLE DATA; Schema: django; Owner: andrei
--

COPY django.aplicatie_culoare (id_culoare, nume, cod_hex, data_adaugare, intensitate) FROM stdin;
1	Rosu	#FF0000	2025-11-05	10
2	Albastru	#0000FF	2025-11-05	8
3	Negru	#000000	2025-11-05	10
4	Maro	#964B00	2025-11-05	5
\.


--
-- Data for Name: aplicatie_customuser; Type: TABLE DATA; Schema: django; Owner: andrei
--

COPY django.aplicatie_customuser (id, password, last_login, is_superuser, username, first_name, last_name, email, is_staff, is_active, date_joined, phone, country, county, street, birth_date, created_at, newsletter, cod, email_confirmat) FROM stdin;
3	pbkdf2_sha256$1000000$8Onun17EGuIhoQSuk5lhok$1qJHhebx8ILDCvWQg8LMVPsDgj+xnv2VjI5D7jZf17c=	2025-11-27 11:41:12.54059+02	f	Maria2	Maria	Albu	olteanua2005@gmail.com	f	t	2025-11-27 11:38:14.192089+02					\N	2025-11-27 11:38:15.530775+02	f	\N	t
1	pbkdf2_sha256$1000000$sDPvQs5kIszzC7Y78s6MZi$GRfKtw/PXQ4t86BRaPTA9DFmfwd0IovtX2mbM/rGopc=	2025-11-27 11:41:32.108234+02	t	curs			olteanua2005@gmail.com	t	t	2025-11-13 02:01:12.523455+02					\N	2025-11-13 02:01:13.057972+02	f	\N	f
\.


--
-- Data for Name: aplicatie_customuser_groups; Type: TABLE DATA; Schema: django; Owner: andrei
--

COPY django.aplicatie_customuser_groups (id, customuser_id, group_id) FROM stdin;
\.


--
-- Data for Name: aplicatie_customuser_user_permissions; Type: TABLE DATA; Schema: django; Owner: andrei
--

COPY django.aplicatie_customuser_user_permissions (id, customuser_id, permission_id) FROM stdin;
\.


--
-- Data for Name: aplicatie_dimensiune; Type: TABLE DATA; Schema: django; Owner: andrei
--

COPY django.aplicatie_dimensiune (id_dimensiune, eticheta, unitate_masura, disponibil, lungime, latime) FROM stdin;
1	M	cm	t	40.00	40.00
2	L	cm	t	45.00	45.00
\.


--
-- Data for Name: aplicatie_furnizor; Type: TABLE DATA; Schema: django; Owner: andrei
--

COPY django.aplicatie_furnizor (id_furnizor, nume, tara, email, telefon, rating) FROM stdin;
1	GymBeam	Romania	gymbeam@gmail.com	0712121212	5
2	MyProtein	England	myprotein@gmail.com	5551221121	4
\.


--
-- Data for Name: aplicatie_locatie; Type: TABLE DATA; Schema: django; Owner: andrei
--

COPY django.aplicatie_locatie (id, adresa, oras, judet, cod_postal, nr) FROM stdin;
1	Piata Ivancea	Curtea de Arges	Pitesti	07123	0
2	Strada Stefan cel Mare	Comuna Berceni	Ilfov	123123	0
\.


--
-- Data for Name: aplicatie_organizator; Type: TABLE DATA; Schema: django; Owner: andrei
--

COPY django.aplicatie_organizator (id, nume, email) FROM stdin;
1	organizatorul 1	primul@gmail.com
2	organizatorul 2	doilea@gmail.com
\.


--
-- Data for Name: aplicatie_produs; Type: TABLE DATA; Schema: django; Owner: andrei
--

COPY django.aplicatie_produs (id_produs, nume, pret, descriere, stoc_disponibil, data_adaugare, brand_id, categorie_id, furnizor_id) FROM stdin;
1	Whey Protein Choco 1kg	180.00	Supliment alimentar care ajuta formarea in masa musculara si in executarea de exercitii fizice intense. A se citi modul de utilizare!	t	2025-11-05	1	3	2
2	Whey Protein Choco 5kg	350.00	Supliment alimentar care ajuta formarea in masa musculara si in executarea de exercitii fizice intense. A se citi modul de utilizare!	t	2025-11-05	1	3	2
3	Creatina Monohidrata 250g	98.00	Supliment alimentar care ajuta formarea in masa musculara si in executarea de exercitii fizice intense. A se citi modul de utilizare!	t	2025-11-05	2	3	1
4	Creatina Monohidrata 500g	200.00	Supliment alimentar care ajuta formarea in masa musculara si in executarea de exercitii fizice intense. A se citi modul de utilizare!	t	2025-10-14	2	3	1
5	Lifting Straps	32.00	Accesorii ridicari greutati, perfect pentru antrenament intense dar si de agrement.	t	2025-11-05	2	4	1
6	Lifting Straps	32.00	Accesorii fitness pentru ridicat greutati, perfect pentru antrenamente intense dar si de agrement.	t	2025-11-05	2	4	1
8	Tricou inscriptionat OLTEANU	99.00	Cel mai tare tricou din lume la un pret accesibil	t	2025-11-05	2	4	1
9	Tricou inscriptionat OLTEANU	99.00	Cel mai tare tricou din lume la un pret accesibil	t	2025-11-05	2	4	1
7	Lifting Belt	55.00	Curea pentru ridicat greutati cu suport in zona abdominala	t	2025-11-05	2	4	1
10	Lifting Belt	55.00	Curea pentru ridicat greutati, se foloseste in zona abdominala si ofera stabilitate	t	2025-11-05	2	4	1
\.


--
-- Data for Name: aplicatie_produs_culori; Type: TABLE DATA; Schema: django; Owner: andrei
--

COPY django.aplicatie_produs_culori (id, produs_id, culoare_id) FROM stdin;
1	1	2
2	2	2
3	3	1
4	4	1
5	5	3
6	6	3
7	7	4
8	8	3
9	9	3
10	10	4
\.


--
-- Data for Name: aplicatie_produs_dimensiuni; Type: TABLE DATA; Schema: django; Owner: andrei
--

COPY django.aplicatie_produs_dimensiuni (id, produs_id, dimensiune_id) FROM stdin;
1	1	1
2	2	2
3	3	1
4	4	2
5	5	1
6	6	2
7	7	2
8	8	1
9	9	2
10	10	1
\.


--
-- Data for Name: aplicatie_review; Type: TABLE DATA; Schema: django; Owner: andrei
--

COPY django.aplicatie_review (id, rating, titlu, text, created_at, approved, produs_id, user_id) FROM stdin;
\.


--
-- Data for Name: aplicatie_voucher; Type: TABLE DATA; Schema: django; Owner: andrei
--

COPY django.aplicatie_voucher (id, code, discount_percent, discount_amount, valid_from, valid_to, active, usage_limit, used_count, min_order_total) FROM stdin;
\.


--
-- Data for Name: aplicatie_voucher_eligible_users; Type: TABLE DATA; Schema: django; Owner: andrei
--

COPY django.aplicatie_voucher_eligible_users (id, voucher_id, customuser_id) FROM stdin;
\.


--
-- Data for Name: auth_group; Type: TABLE DATA; Schema: django; Owner: andrei
--

COPY django.auth_group (id, name) FROM stdin;
\.


--
-- Data for Name: auth_group_permissions; Type: TABLE DATA; Schema: django; Owner: andrei
--

COPY django.auth_group_permissions (id, group_id, permission_id) FROM stdin;
\.


--
-- Data for Name: auth_permission; Type: TABLE DATA; Schema: django; Owner: andrei
--

COPY django.auth_permission (id, name, content_type_id, codename) FROM stdin;
1	Can add log entry	1	add_logentry
2	Can change log entry	1	change_logentry
3	Can delete log entry	1	delete_logentry
4	Can view log entry	1	view_logentry
5	Can add permission	2	add_permission
6	Can change permission	2	change_permission
7	Can delete permission	2	delete_permission
8	Can view permission	2	view_permission
9	Can add group	3	add_group
10	Can change group	3	change_group
11	Can delete group	3	delete_group
12	Can view group	3	view_group
13	Can add user	4	add_user
14	Can change user	4	change_user
15	Can delete user	4	delete_user
16	Can view user	4	view_user
17	Can add content type	5	add_contenttype
18	Can change content type	5	change_contenttype
19	Can delete content type	5	delete_contenttype
20	Can view content type	5	view_contenttype
21	Can add session	6	add_session
22	Can change session	6	change_session
23	Can delete session	6	delete_session
24	Can view session	6	view_session
25	Can add locatie	7	add_locatie
26	Can change locatie	7	change_locatie
27	Can delete locatie	7	delete_locatie
28	Can view locatie	7	view_locatie
29	Can add organizator	8	add_organizator
30	Can change organizator	8	change_organizator
31	Can delete organizator	8	delete_organizator
32	Can view organizator	8	view_organizator
33	Can add dimensiune	9	add_dimensiune
34	Can change dimensiune	9	change_dimensiune
35	Can delete dimensiune	9	delete_dimensiune
36	Can view dimensiune	9	view_dimensiune
37	Can add culoare	10	add_culoare
38	Can change culoare	10	change_culoare
39	Can delete culoare	10	delete_culoare
40	Can view culoare	10	view_culoare
41	Can add brand	11	add_brand
42	Can change brand	11	change_brand
43	Can delete brand	11	delete_brand
44	Can view brand	11	view_brand
45	Can add produs	12	add_produs
46	Can change produs	12	change_produs
47	Can delete produs	12	delete_produs
48	Can view produs	12	view_produs
49	Can add furnizor	13	add_furnizor
50	Can change furnizor	13	change_furnizor
51	Can delete furnizor	13	delete_furnizor
52	Can view furnizor	13	view_furnizor
53	Can add categorie	14	add_categorie
54	Can change categorie	14	change_categorie
55	Can delete categorie	14	delete_categorie
56	Can view categorie	14	view_categorie
57	Can add comanda item	15	add_comandaitem
58	Can change comanda item	15	change_comandaitem
59	Can delete comanda item	15	delete_comandaitem
60	Can view comanda item	15	view_comandaitem
61	Can add voucher	16	add_voucher
62	Can change voucher	16	change_voucher
63	Can delete voucher	16	delete_voucher
64	Can view voucher	16	view_voucher
65	Can add user	17	add_customuser
66	Can change user	17	change_customuser
67	Can delete user	17	delete_customuser
68	Can view user	17	view_customuser
69	Can add comanda	18	add_comanda
70	Can change comanda	18	change_comanda
71	Can delete comanda	18	delete_comanda
72	Can view comanda	18	view_comanda
73	Can add review	19	add_review
74	Can change review	19	change_review
75	Can delete review	19	delete_review
76	Can view review	19	view_review
77	Can add darius	20	add_darius
78	Can change darius	20	change_darius
79	Can delete darius	20	delete_darius
80	Can view darius	20	view_darius
\.


--
-- Data for Name: auth_user; Type: TABLE DATA; Schema: django; Owner: andrei
--

COPY django.auth_user (id, password, last_login, is_superuser, username, first_name, last_name, email, is_staff, is_active, date_joined) FROM stdin;
1	pbkdf2_sha256$1000000$pHfAVIcHTxxGhAWYAAOnyn$+fcnXxcuW9cmGoBCxJ1rgHA4PWDpoTq0gg0ccNgeQOk=	2025-11-05 16:16:56.68859+02	t	curs			olteanua2005@gmail.com	t	t	2025-10-17 14:12:47.621966+03
\.


--
-- Data for Name: auth_user_groups; Type: TABLE DATA; Schema: django; Owner: andrei
--

COPY django.auth_user_groups (id, user_id, group_id) FROM stdin;
\.


--
-- Data for Name: auth_user_user_permissions; Type: TABLE DATA; Schema: django; Owner: andrei
--

COPY django.auth_user_user_permissions (id, user_id, permission_id) FROM stdin;
\.


--
-- Data for Name: django_admin_log; Type: TABLE DATA; Schema: django; Owner: andrei
--

COPY django.django_admin_log (id, action_time, object_id, object_repr, action_flag, change_message, content_type_id, user_id) FROM stdin;
1	2025-11-05 17:06:13.625535+02	1	organizatorul 1	1	[{"added": {}}]	8	1
2	2025-11-05 17:06:24.669202+02	2	organizatorul 2	1	[{"added": {}}]	8	1
3	2025-11-05 17:07:15.694391+02	1	Piata Ivancea, Curtea de Arges	1	[{"added": {}}]	7	1
4	2025-11-05 17:07:42.591277+02	2	Strada Stefan cel Mare, Comuna Berceni	1	[{"added": {}}]	7	1
5	2025-11-05 17:08:28.915475+02	1	GymBeam	1	[{"added": {}}]	13	1
6	2025-11-05 17:08:53.92738+02	2	MyProtein	1	[{"added": {}}]	13	1
7	2025-11-05 17:09:43.628861+02	1	GymShark	1	[{"added": {}}]	11	1
8	2025-11-05 17:10:32.881371+02	2	Stayfit	1	[{"added": {}}]	11	1
9	2025-11-05 17:11:18.132878+02	1	Lifting Straps	1	[{"added": {}}]	14	1
10	2025-11-05 17:11:51.071007+02	2	Lifting Belt	1	[{"added": {}}]	14	1
11	2025-11-05 17:12:38.451322+02	2	Lifting Belt	3		14	1
12	2025-11-05 17:12:38.451386+02	1	Lifting Straps	3		14	1
13	2025-11-05 17:13:20.464571+02	3	Suplimente	1	[{"added": {}}]	14	1
14	2025-11-05 17:13:44.323596+02	4	Accesorii fitness	1	[{"added": {}}]	14	1
15	2025-11-05 17:15:03.372249+02	1	Rosu (#FF0000)	1	[{"added": {}}]	10	1
16	2025-11-05 17:15:23.665976+02	2	Albastru (#0000FF)	1	[{"added": {}}]	10	1
17	2025-11-05 17:15:55.152692+02	1	M (cm)	1	[{"added": {}}]	9	1
18	2025-11-05 17:16:07.640484+02	2	L (cm)	1	[{"added": {}}]	9	1
19	2025-11-05 17:24:13.894455+02	1	Whey Protein Choco 1kg - 180 RON	1	[{"added": {}}]	12	1
20	2025-11-05 17:24:44.647233+02	2	Whey Protein Choco 5kg - 350 RON	1	[{"added": {}}]	12	1
21	2025-11-05 17:25:28.943021+02	3	Creatina Monohidrata 250g - 98 RON	1	[{"added": {}}]	12	1
22	2025-11-05 17:26:01.380785+02	4	Creatina Monohidrata 500g - 200 RON	1	[{"added": {}}]	12	1
23	2025-11-05 17:27:46.082806+02	3	Negru (#000000)	1	[{"added": {}}]	10	1
24	2025-11-05 17:27:51.954229+02	5	Lifting Straps - 32 RON	1	[{"added": {}}]	12	1
25	2025-11-05 17:28:42.447661+02	6	Lifting Straps - 32 RON	1	[{"added": {}}]	12	1
26	2025-11-05 17:30:06.455662+02	4	Maro (#964B00)	1	[{"added": {}}]	10	1
27	2025-11-05 17:30:11.505729+02	7	Lifting Belt - 55 RON	1	[{"added": {}}]	12	1
28	2025-11-05 17:39:50.140296+02	8	Tricou inscriptionat OLTEANU - 99 RON	1	[{"added": {}}]	12	1
29	2025-11-05 17:40:20.684845+02	9	Tricou inscriptionat OLTEANU - 99 RON	1	[{"added": {}}]	12	1
30	2025-11-05 17:40:38.056771+02	7	Lifting Belt - 55.00 RON	2	[]	12	1
31	2025-11-05 17:41:34.752918+02	10	Lifting Belt - 55 RON	1	[{"added": {}}]	12	1
32	2025-11-06 01:10:47.635197+02	4	Accesorii fitness	2	[{"changed": {"fields": ["Culoare", "Icon"]}}]	14	1
33	2025-11-06 01:11:09.527418+02	3	Suplimente	2	[{"changed": {"fields": ["Culoare", "Icon"]}}]	14	1
34	2025-11-12 16:37:40.648873+02	11	dsada - 180.00 RON	3		12	1
35	2025-11-12 17:53:13.923891+02	12	Adsds - 11.00 RON	3		12	1
36	2025-11-27 11:43:25.326516+02	2	Maria	3		17	1
\.


--
-- Data for Name: django_content_type; Type: TABLE DATA; Schema: django; Owner: andrei
--

COPY django.django_content_type (id, app_label, model) FROM stdin;
1	admin	logentry
2	auth	permission
3	auth	group
4	auth	user
5	contenttypes	contenttype
6	sessions	session
7	aplicatie	locatie
8	aplicatie	organizator
9	aplicatie	dimensiune
10	aplicatie	culoare
11	aplicatie	brand
12	aplicatie	produs
13	aplicatie	furnizor
14	aplicatie	categorie
15	aplicatie	comandaitem
16	aplicatie	voucher
17	aplicatie	customuser
18	aplicatie	comanda
19	aplicatie	review
20	aplicatie	darius
\.


--
-- Data for Name: django_migrations; Type: TABLE DATA; Schema: django; Owner: andrei
--

COPY django.django_migrations (id, app, name, applied) FROM stdin;
1	contenttypes	0001_initial	2025-10-17 13:38:37.296992+03
2	auth	0001_initial	2025-10-17 13:38:37.34085+03
7	contenttypes	0002_remove_content_type_name	2025-10-17 13:38:37.37852+03
8	auth	0002_alter_permission_name_max_length	2025-10-17 13:38:37.386765+03
9	auth	0003_alter_user_email_max_length	2025-10-17 13:38:37.390403+03
10	auth	0004_alter_user_username_opts	2025-10-17 13:38:37.393516+03
11	auth	0005_alter_user_last_login_null	2025-10-17 13:38:37.398126+03
12	auth	0006_require_contenttypes_0002	2025-10-17 13:38:37.398978+03
13	auth	0007_alter_validators_add_error_messages	2025-10-17 13:38:37.402925+03
14	auth	0008_alter_user_username_max_length	2025-10-17 13:38:37.409545+03
15	auth	0009_alter_user_last_name_max_length	2025-10-17 13:38:37.41465+03
16	auth	0010_alter_group_name_max_length	2025-10-17 13:38:37.419449+03
17	auth	0011_update_proxy_permissions	2025-10-17 13:38:37.42323+03
18	auth	0012_alter_user_first_name_max_length	2025-10-17 13:38:37.427092+03
19	sessions	0001_initial	2025-10-17 13:38:37.432202+03
29	aplicatie	0001_initial	2025-11-13 01:59:02.182448+02
30	admin	0001_initial	2025-11-13 01:59:02.188407+02
31	admin	0002_logentry_remove_auto_add	2025-11-13 01:59:02.190203+02
32	admin	0003_logentry_add_action_flag_choices	2025-11-13 01:59:02.192253+02
33	aplicatie	0002_customuser_cod_customuser_email_confirmat	2025-11-27 10:37:28.763377+02
\.


--
-- Data for Name: django_session; Type: TABLE DATA; Schema: django; Owner: andrei
--

COPY django.django_session (session_key, session_data, expire_date) FROM stdin;
twuptpg9pu1y584d9kgzbky3ppn9wy1f	.eJxVj8FuwyAQRP-Fc2RhByjxqeq934AWWGxaDBbgqm2Ufy9uHak5wey8mYUrUbDVWW0Fs_KWjKQnp_8zDeYd427YN4hT6kyKNXvd7Uh3uKV7TRbDy8E-FMxQ5pY-U3c2cugBJeNSOGFsDxqNZk7bi-iNFZQOKCgzRnMpn8zFsYExR8-G80G00jUn58NvKxmvZD8jLNjKzZZLA3ABH5pMoSLEDQZK-fO0D9urlwY4n0tVR6jpAA_yA5oNZIxbCCdSMaBL8S5ThnK_W6jQcqVi9v4vO-FB3trvC5biU1T4ufr8RUYpGKXHuhUmVMV_t5389gMEW3-s:1vJTwx:5quVwqJs9-eg6QOXsCBeUdwZLsIBGtNQoF4dLRdv-t4	2025-11-14 11:49:07.935613+02
luwt8we3q9pllww2sb1x3r4chmis8qug	.eJxVjDsOwjAQBe_iGlnrT2KHkp4zWJvdNQ4gR4qTCnF3iJQC2jcz76USbmtJW5MlTazOyqjT7zYiPaTugO9Yb7Omua7LNOpd0Qdt-jqzPC-H-3dQsJVvHbFncjEEJsBgITpEjEBiPUNmH8ANoXNWskHvwXbG9hQGyta4KMDq_QHcOTdf:1v9iSN:FhpV2OrjxOvEYte5GgarbUN672F3cT3nFczkCX7K5vg	2025-10-31 13:17:11.718051+02
\.


--
-- Name: aplicatie_brand_id_brand_seq; Type: SEQUENCE SET; Schema: django; Owner: andrei
--

SELECT pg_catalog.setval('django.aplicatie_brand_id_brand_seq', 2, true);


--
-- Name: aplicatie_categorie_id_categorie_seq; Type: SEQUENCE SET; Schema: django; Owner: andrei
--

SELECT pg_catalog.setval('django.aplicatie_categorie_id_categorie_seq', 4, true);


--
-- Name: aplicatie_comanda_id_seq; Type: SEQUENCE SET; Schema: django; Owner: andrei
--

SELECT pg_catalog.setval('django.aplicatie_comanda_id_seq', 1, false);


--
-- Name: aplicatie_comandaitem_id_seq; Type: SEQUENCE SET; Schema: django; Owner: andrei
--

SELECT pg_catalog.setval('django.aplicatie_comandaitem_id_seq', 1, false);


--
-- Name: aplicatie_culoare_id_culoare_seq; Type: SEQUENCE SET; Schema: django; Owner: andrei
--

SELECT pg_catalog.setval('django.aplicatie_culoare_id_culoare_seq', 4, true);


--
-- Name: aplicatie_customuser_groups_id_seq; Type: SEQUENCE SET; Schema: django; Owner: andrei
--

SELECT pg_catalog.setval('django.aplicatie_customuser_groups_id_seq', 1, false);


--
-- Name: aplicatie_customuser_id_seq; Type: SEQUENCE SET; Schema: django; Owner: andrei
--

SELECT pg_catalog.setval('django.aplicatie_customuser_id_seq', 3, true);


--
-- Name: aplicatie_customuser_user_permissions_id_seq; Type: SEQUENCE SET; Schema: django; Owner: andrei
--

SELECT pg_catalog.setval('django.aplicatie_customuser_user_permissions_id_seq', 1, false);


--
-- Name: aplicatie_dimensiune_id_dimensiune_seq; Type: SEQUENCE SET; Schema: django; Owner: andrei
--

SELECT pg_catalog.setval('django.aplicatie_dimensiune_id_dimensiune_seq', 2, true);


--
-- Name: aplicatie_furnizor_id_furnizor_seq; Type: SEQUENCE SET; Schema: django; Owner: andrei
--

SELECT pg_catalog.setval('django.aplicatie_furnizor_id_furnizor_seq', 2, true);


--
-- Name: aplicatie_locatie_id_seq; Type: SEQUENCE SET; Schema: django; Owner: andrei
--

SELECT pg_catalog.setval('django.aplicatie_locatie_id_seq', 2, true);


--
-- Name: aplicatie_organizator_id_seq; Type: SEQUENCE SET; Schema: django; Owner: andrei
--

SELECT pg_catalog.setval('django.aplicatie_organizator_id_seq', 2, true);


--
-- Name: aplicatie_produs_culori_id_seq; Type: SEQUENCE SET; Schema: django; Owner: andrei
--

SELECT pg_catalog.setval('django.aplicatie_produs_culori_id_seq', 12, true);


--
-- Name: aplicatie_produs_dimensiuni_id_seq; Type: SEQUENCE SET; Schema: django; Owner: andrei
--

SELECT pg_catalog.setval('django.aplicatie_produs_dimensiuni_id_seq', 12, true);


--
-- Name: aplicatie_produs_id_produs_seq; Type: SEQUENCE SET; Schema: django; Owner: andrei
--

SELECT pg_catalog.setval('django.aplicatie_produs_id_produs_seq', 12, true);


--
-- Name: aplicatie_review_id_seq; Type: SEQUENCE SET; Schema: django; Owner: andrei
--

SELECT pg_catalog.setval('django.aplicatie_review_id_seq', 1, false);


--
-- Name: aplicatie_voucher_eligible_users_id_seq; Type: SEQUENCE SET; Schema: django; Owner: andrei
--

SELECT pg_catalog.setval('django.aplicatie_voucher_eligible_users_id_seq', 1, false);


--
-- Name: aplicatie_voucher_id_seq; Type: SEQUENCE SET; Schema: django; Owner: andrei
--

SELECT pg_catalog.setval('django.aplicatie_voucher_id_seq', 1, false);


--
-- Name: auth_group_id_seq; Type: SEQUENCE SET; Schema: django; Owner: andrei
--

SELECT pg_catalog.setval('django.auth_group_id_seq', 1, false);


--
-- Name: auth_group_permissions_id_seq; Type: SEQUENCE SET; Schema: django; Owner: andrei
--

SELECT pg_catalog.setval('django.auth_group_permissions_id_seq', 1, false);


--
-- Name: auth_permission_id_seq; Type: SEQUENCE SET; Schema: django; Owner: andrei
--

SELECT pg_catalog.setval('django.auth_permission_id_seq', 80, true);


--
-- Name: auth_user_groups_id_seq; Type: SEQUENCE SET; Schema: django; Owner: andrei
--

SELECT pg_catalog.setval('django.auth_user_groups_id_seq', 1, false);


--
-- Name: auth_user_id_seq; Type: SEQUENCE SET; Schema: django; Owner: andrei
--

SELECT pg_catalog.setval('django.auth_user_id_seq', 1, true);


--
-- Name: auth_user_user_permissions_id_seq; Type: SEQUENCE SET; Schema: django; Owner: andrei
--

SELECT pg_catalog.setval('django.auth_user_user_permissions_id_seq', 1, false);


--
-- Name: django_admin_log_id_seq; Type: SEQUENCE SET; Schema: django; Owner: andrei
--

SELECT pg_catalog.setval('django.django_admin_log_id_seq', 36, true);


--
-- Name: django_content_type_id_seq; Type: SEQUENCE SET; Schema: django; Owner: andrei
--

SELECT pg_catalog.setval('django.django_content_type_id_seq', 20, true);


--
-- Name: django_migrations_id_seq; Type: SEQUENCE SET; Schema: django; Owner: andrei
--

SELECT pg_catalog.setval('django.django_migrations_id_seq', 33, true);


--
-- Name: aplicatie_brand aplicatie_brand_pkey; Type: CONSTRAINT; Schema: django; Owner: andrei
--

ALTER TABLE ONLY django.aplicatie_brand
    ADD CONSTRAINT aplicatie_brand_pkey PRIMARY KEY (id_brand);


--
-- Name: aplicatie_categorie aplicatie_categorie_pkey; Type: CONSTRAINT; Schema: django; Owner: andrei
--

ALTER TABLE ONLY django.aplicatie_categorie
    ADD CONSTRAINT aplicatie_categorie_pkey PRIMARY KEY (id_categorie);


--
-- Name: aplicatie_comanda aplicatie_comanda_pkey; Type: CONSTRAINT; Schema: django; Owner: andrei
--

ALTER TABLE ONLY django.aplicatie_comanda
    ADD CONSTRAINT aplicatie_comanda_pkey PRIMARY KEY (id);


--
-- Name: aplicatie_comandaitem aplicatie_comandaitem_comanda_id_produs_id_abbc1b12_uniq; Type: CONSTRAINT; Schema: django; Owner: andrei
--

ALTER TABLE ONLY django.aplicatie_comandaitem
    ADD CONSTRAINT aplicatie_comandaitem_comanda_id_produs_id_abbc1b12_uniq UNIQUE (comanda_id, produs_id);


--
-- Name: aplicatie_comandaitem aplicatie_comandaitem_pkey; Type: CONSTRAINT; Schema: django; Owner: andrei
--

ALTER TABLE ONLY django.aplicatie_comandaitem
    ADD CONSTRAINT aplicatie_comandaitem_pkey PRIMARY KEY (id);


--
-- Name: aplicatie_culoare aplicatie_culoare_pkey; Type: CONSTRAINT; Schema: django; Owner: andrei
--

ALTER TABLE ONLY django.aplicatie_culoare
    ADD CONSTRAINT aplicatie_culoare_pkey PRIMARY KEY (id_culoare);


--
-- Name: aplicatie_customuser_groups aplicatie_customuser_gro_customuser_id_group_id_83bea326_uniq; Type: CONSTRAINT; Schema: django; Owner: andrei
--

ALTER TABLE ONLY django.aplicatie_customuser_groups
    ADD CONSTRAINT aplicatie_customuser_gro_customuser_id_group_id_83bea326_uniq UNIQUE (customuser_id, group_id);


--
-- Name: aplicatie_customuser_groups aplicatie_customuser_groups_pkey; Type: CONSTRAINT; Schema: django; Owner: andrei
--

ALTER TABLE ONLY django.aplicatie_customuser_groups
    ADD CONSTRAINT aplicatie_customuser_groups_pkey PRIMARY KEY (id);


--
-- Name: aplicatie_customuser aplicatie_customuser_pkey; Type: CONSTRAINT; Schema: django; Owner: andrei
--

ALTER TABLE ONLY django.aplicatie_customuser
    ADD CONSTRAINT aplicatie_customuser_pkey PRIMARY KEY (id);


--
-- Name: aplicatie_customuser_user_permissions aplicatie_customuser_use_customuser_id_permission_2e280143_uniq; Type: CONSTRAINT; Schema: django; Owner: andrei
--

ALTER TABLE ONLY django.aplicatie_customuser_user_permissions
    ADD CONSTRAINT aplicatie_customuser_use_customuser_id_permission_2e280143_uniq UNIQUE (customuser_id, permission_id);


--
-- Name: aplicatie_customuser_user_permissions aplicatie_customuser_user_permissions_pkey; Type: CONSTRAINT; Schema: django; Owner: andrei
--

ALTER TABLE ONLY django.aplicatie_customuser_user_permissions
    ADD CONSTRAINT aplicatie_customuser_user_permissions_pkey PRIMARY KEY (id);


--
-- Name: aplicatie_customuser aplicatie_customuser_username_key; Type: CONSTRAINT; Schema: django; Owner: andrei
--

ALTER TABLE ONLY django.aplicatie_customuser
    ADD CONSTRAINT aplicatie_customuser_username_key UNIQUE (username);


--
-- Name: aplicatie_dimensiune aplicatie_dimensiune_pkey; Type: CONSTRAINT; Schema: django; Owner: andrei
--

ALTER TABLE ONLY django.aplicatie_dimensiune
    ADD CONSTRAINT aplicatie_dimensiune_pkey PRIMARY KEY (id_dimensiune);


--
-- Name: aplicatie_furnizor aplicatie_furnizor_pkey; Type: CONSTRAINT; Schema: django; Owner: andrei
--

ALTER TABLE ONLY django.aplicatie_furnizor
    ADD CONSTRAINT aplicatie_furnizor_pkey PRIMARY KEY (id_furnizor);


--
-- Name: aplicatie_locatie aplicatie_locatie_pkey; Type: CONSTRAINT; Schema: django; Owner: andrei
--

ALTER TABLE ONLY django.aplicatie_locatie
    ADD CONSTRAINT aplicatie_locatie_pkey PRIMARY KEY (id);


--
-- Name: aplicatie_organizator aplicatie_organizator_pkey; Type: CONSTRAINT; Schema: django; Owner: andrei
--

ALTER TABLE ONLY django.aplicatie_organizator
    ADD CONSTRAINT aplicatie_organizator_pkey PRIMARY KEY (id);


--
-- Name: aplicatie_produs_culori aplicatie_produs_culori_pkey; Type: CONSTRAINT; Schema: django; Owner: andrei
--

ALTER TABLE ONLY django.aplicatie_produs_culori
    ADD CONSTRAINT aplicatie_produs_culori_pkey PRIMARY KEY (id);


--
-- Name: aplicatie_produs_culori aplicatie_produs_culori_produs_id_culoare_id_a0ade1a4_uniq; Type: CONSTRAINT; Schema: django; Owner: andrei
--

ALTER TABLE ONLY django.aplicatie_produs_culori
    ADD CONSTRAINT aplicatie_produs_culori_produs_id_culoare_id_a0ade1a4_uniq UNIQUE (produs_id, culoare_id);


--
-- Name: aplicatie_produs_dimensiuni aplicatie_produs_dimensi_produs_id_dimensiune_id_6cb55e15_uniq; Type: CONSTRAINT; Schema: django; Owner: andrei
--

ALTER TABLE ONLY django.aplicatie_produs_dimensiuni
    ADD CONSTRAINT aplicatie_produs_dimensi_produs_id_dimensiune_id_6cb55e15_uniq UNIQUE (produs_id, dimensiune_id);


--
-- Name: aplicatie_produs_dimensiuni aplicatie_produs_dimensiuni_pkey; Type: CONSTRAINT; Schema: django; Owner: andrei
--

ALTER TABLE ONLY django.aplicatie_produs_dimensiuni
    ADD CONSTRAINT aplicatie_produs_dimensiuni_pkey PRIMARY KEY (id);


--
-- Name: aplicatie_produs aplicatie_produs_pkey; Type: CONSTRAINT; Schema: django; Owner: andrei
--

ALTER TABLE ONLY django.aplicatie_produs
    ADD CONSTRAINT aplicatie_produs_pkey PRIMARY KEY (id_produs);


--
-- Name: aplicatie_review aplicatie_review_pkey; Type: CONSTRAINT; Schema: django; Owner: andrei
--

ALTER TABLE ONLY django.aplicatie_review
    ADD CONSTRAINT aplicatie_review_pkey PRIMARY KEY (id);


--
-- Name: aplicatie_review aplicatie_review_user_id_produs_id_3c8c424c_uniq; Type: CONSTRAINT; Schema: django; Owner: andrei
--

ALTER TABLE ONLY django.aplicatie_review
    ADD CONSTRAINT aplicatie_review_user_id_produs_id_3c8c424c_uniq UNIQUE (user_id, produs_id);


--
-- Name: aplicatie_voucher aplicatie_voucher_code_key; Type: CONSTRAINT; Schema: django; Owner: andrei
--

ALTER TABLE ONLY django.aplicatie_voucher
    ADD CONSTRAINT aplicatie_voucher_code_key UNIQUE (code);


--
-- Name: aplicatie_voucher_eligible_users aplicatie_voucher_eligib_voucher_id_customuser_id_2a0e7f1b_uniq; Type: CONSTRAINT; Schema: django; Owner: andrei
--

ALTER TABLE ONLY django.aplicatie_voucher_eligible_users
    ADD CONSTRAINT aplicatie_voucher_eligib_voucher_id_customuser_id_2a0e7f1b_uniq UNIQUE (voucher_id, customuser_id);


--
-- Name: aplicatie_voucher_eligible_users aplicatie_voucher_eligible_users_pkey; Type: CONSTRAINT; Schema: django; Owner: andrei
--

ALTER TABLE ONLY django.aplicatie_voucher_eligible_users
    ADD CONSTRAINT aplicatie_voucher_eligible_users_pkey PRIMARY KEY (id);


--
-- Name: aplicatie_voucher aplicatie_voucher_pkey; Type: CONSTRAINT; Schema: django; Owner: andrei
--

ALTER TABLE ONLY django.aplicatie_voucher
    ADD CONSTRAINT aplicatie_voucher_pkey PRIMARY KEY (id);


--
-- Name: auth_group auth_group_name_key; Type: CONSTRAINT; Schema: django; Owner: andrei
--

ALTER TABLE ONLY django.auth_group
    ADD CONSTRAINT auth_group_name_key UNIQUE (name);


--
-- Name: auth_group_permissions auth_group_permissions_group_id_permission_id_0cd325b0_uniq; Type: CONSTRAINT; Schema: django; Owner: andrei
--

ALTER TABLE ONLY django.auth_group_permissions
    ADD CONSTRAINT auth_group_permissions_group_id_permission_id_0cd325b0_uniq UNIQUE (group_id, permission_id);


--
-- Name: auth_group_permissions auth_group_permissions_pkey; Type: CONSTRAINT; Schema: django; Owner: andrei
--

ALTER TABLE ONLY django.auth_group_permissions
    ADD CONSTRAINT auth_group_permissions_pkey PRIMARY KEY (id);


--
-- Name: auth_group auth_group_pkey; Type: CONSTRAINT; Schema: django; Owner: andrei
--

ALTER TABLE ONLY django.auth_group
    ADD CONSTRAINT auth_group_pkey PRIMARY KEY (id);


--
-- Name: auth_permission auth_permission_content_type_id_codename_01ab375a_uniq; Type: CONSTRAINT; Schema: django; Owner: andrei
--

ALTER TABLE ONLY django.auth_permission
    ADD CONSTRAINT auth_permission_content_type_id_codename_01ab375a_uniq UNIQUE (content_type_id, codename);


--
-- Name: auth_permission auth_permission_pkey; Type: CONSTRAINT; Schema: django; Owner: andrei
--

ALTER TABLE ONLY django.auth_permission
    ADD CONSTRAINT auth_permission_pkey PRIMARY KEY (id);


--
-- Name: auth_user_groups auth_user_groups_pkey; Type: CONSTRAINT; Schema: django; Owner: andrei
--

ALTER TABLE ONLY django.auth_user_groups
    ADD CONSTRAINT auth_user_groups_pkey PRIMARY KEY (id);


--
-- Name: auth_user_groups auth_user_groups_user_id_group_id_94350c0c_uniq; Type: CONSTRAINT; Schema: django; Owner: andrei
--

ALTER TABLE ONLY django.auth_user_groups
    ADD CONSTRAINT auth_user_groups_user_id_group_id_94350c0c_uniq UNIQUE (user_id, group_id);


--
-- Name: auth_user auth_user_pkey; Type: CONSTRAINT; Schema: django; Owner: andrei
--

ALTER TABLE ONLY django.auth_user
    ADD CONSTRAINT auth_user_pkey PRIMARY KEY (id);


--
-- Name: auth_user_user_permissions auth_user_user_permissions_pkey; Type: CONSTRAINT; Schema: django; Owner: andrei
--

ALTER TABLE ONLY django.auth_user_user_permissions
    ADD CONSTRAINT auth_user_user_permissions_pkey PRIMARY KEY (id);


--
-- Name: auth_user_user_permissions auth_user_user_permissions_user_id_permission_id_14a6b632_uniq; Type: CONSTRAINT; Schema: django; Owner: andrei
--

ALTER TABLE ONLY django.auth_user_user_permissions
    ADD CONSTRAINT auth_user_user_permissions_user_id_permission_id_14a6b632_uniq UNIQUE (user_id, permission_id);


--
-- Name: auth_user auth_user_username_key; Type: CONSTRAINT; Schema: django; Owner: andrei
--

ALTER TABLE ONLY django.auth_user
    ADD CONSTRAINT auth_user_username_key UNIQUE (username);


--
-- Name: django_admin_log django_admin_log_pkey; Type: CONSTRAINT; Schema: django; Owner: andrei
--

ALTER TABLE ONLY django.django_admin_log
    ADD CONSTRAINT django_admin_log_pkey PRIMARY KEY (id);


--
-- Name: django_content_type django_content_type_app_label_model_76bd3d3b_uniq; Type: CONSTRAINT; Schema: django; Owner: andrei
--

ALTER TABLE ONLY django.django_content_type
    ADD CONSTRAINT django_content_type_app_label_model_76bd3d3b_uniq UNIQUE (app_label, model);


--
-- Name: django_content_type django_content_type_pkey; Type: CONSTRAINT; Schema: django; Owner: andrei
--

ALTER TABLE ONLY django.django_content_type
    ADD CONSTRAINT django_content_type_pkey PRIMARY KEY (id);


--
-- Name: django_migrations django_migrations_pkey; Type: CONSTRAINT; Schema: django; Owner: andrei
--

ALTER TABLE ONLY django.django_migrations
    ADD CONSTRAINT django_migrations_pkey PRIMARY KEY (id);


--
-- Name: django_session django_session_pkey; Type: CONSTRAINT; Schema: django; Owner: andrei
--

ALTER TABLE ONLY django.django_session
    ADD CONSTRAINT django_session_pkey PRIMARY KEY (session_key);


--
-- Name: aplicatie_comanda_user_id_f8c679a3; Type: INDEX; Schema: django; Owner: andrei
--

CREATE INDEX aplicatie_comanda_user_id_f8c679a3 ON django.aplicatie_comanda USING btree (user_id);


--
-- Name: aplicatie_comanda_voucher_id_14870d12; Type: INDEX; Schema: django; Owner: andrei
--

CREATE INDEX aplicatie_comanda_voucher_id_14870d12 ON django.aplicatie_comanda USING btree (voucher_id);


--
-- Name: aplicatie_comandaitem_comanda_id_8a09ac57; Type: INDEX; Schema: django; Owner: andrei
--

CREATE INDEX aplicatie_comandaitem_comanda_id_8a09ac57 ON django.aplicatie_comandaitem USING btree (comanda_id);


--
-- Name: aplicatie_comandaitem_produs_id_6d4fdc8c; Type: INDEX; Schema: django; Owner: andrei
--

CREATE INDEX aplicatie_comandaitem_produs_id_6d4fdc8c ON django.aplicatie_comandaitem USING btree (produs_id);


--
-- Name: aplicatie_customuser_groups_customuser_id_d7b03057; Type: INDEX; Schema: django; Owner: andrei
--

CREATE INDEX aplicatie_customuser_groups_customuser_id_d7b03057 ON django.aplicatie_customuser_groups USING btree (customuser_id);


--
-- Name: aplicatie_customuser_groups_group_id_80592bae; Type: INDEX; Schema: django; Owner: andrei
--

CREATE INDEX aplicatie_customuser_groups_group_id_80592bae ON django.aplicatie_customuser_groups USING btree (group_id);


--
-- Name: aplicatie_customuser_user_permissions_customuser_id_30fbb192; Type: INDEX; Schema: django; Owner: andrei
--

CREATE INDEX aplicatie_customuser_user_permissions_customuser_id_30fbb192 ON django.aplicatie_customuser_user_permissions USING btree (customuser_id);


--
-- Name: aplicatie_customuser_user_permissions_permission_id_6e9921b3; Type: INDEX; Schema: django; Owner: andrei
--

CREATE INDEX aplicatie_customuser_user_permissions_permission_id_6e9921b3 ON django.aplicatie_customuser_user_permissions USING btree (permission_id);


--
-- Name: aplicatie_customuser_username_a3d8fa2b_like; Type: INDEX; Schema: django; Owner: andrei
--

CREATE INDEX aplicatie_customuser_username_a3d8fa2b_like ON django.aplicatie_customuser USING btree (username varchar_pattern_ops);


--
-- Name: aplicatie_produs_brand_id_1c29e705; Type: INDEX; Schema: django; Owner: andrei
--

CREATE INDEX aplicatie_produs_brand_id_1c29e705 ON django.aplicatie_produs USING btree (brand_id);


--
-- Name: aplicatie_produs_categorie_id_00dd678a; Type: INDEX; Schema: django; Owner: andrei
--

CREATE INDEX aplicatie_produs_categorie_id_00dd678a ON django.aplicatie_produs USING btree (categorie_id);


--
-- Name: aplicatie_produs_culori_culoare_id_222e1fb3; Type: INDEX; Schema: django; Owner: andrei
--

CREATE INDEX aplicatie_produs_culori_culoare_id_222e1fb3 ON django.aplicatie_produs_culori USING btree (culoare_id);


--
-- Name: aplicatie_produs_culori_produs_id_215206dd; Type: INDEX; Schema: django; Owner: andrei
--

CREATE INDEX aplicatie_produs_culori_produs_id_215206dd ON django.aplicatie_produs_culori USING btree (produs_id);


--
-- Name: aplicatie_produs_dimensiuni_dimensiune_id_7700199e; Type: INDEX; Schema: django; Owner: andrei
--

CREATE INDEX aplicatie_produs_dimensiuni_dimensiune_id_7700199e ON django.aplicatie_produs_dimensiuni USING btree (dimensiune_id);


--
-- Name: aplicatie_produs_dimensiuni_produs_id_48160335; Type: INDEX; Schema: django; Owner: andrei
--

CREATE INDEX aplicatie_produs_dimensiuni_produs_id_48160335 ON django.aplicatie_produs_dimensiuni USING btree (produs_id);


--
-- Name: aplicatie_produs_furnizor_id_e401bc7e; Type: INDEX; Schema: django; Owner: andrei
--

CREATE INDEX aplicatie_produs_furnizor_id_e401bc7e ON django.aplicatie_produs USING btree (furnizor_id);


--
-- Name: aplicatie_review_produs_id_2dce8af1; Type: INDEX; Schema: django; Owner: andrei
--

CREATE INDEX aplicatie_review_produs_id_2dce8af1 ON django.aplicatie_review USING btree (produs_id);


--
-- Name: aplicatie_review_user_id_bb80ba95; Type: INDEX; Schema: django; Owner: andrei
--

CREATE INDEX aplicatie_review_user_id_bb80ba95 ON django.aplicatie_review USING btree (user_id);


--
-- Name: aplicatie_voucher_code_b7f845cf_like; Type: INDEX; Schema: django; Owner: andrei
--

CREATE INDEX aplicatie_voucher_code_b7f845cf_like ON django.aplicatie_voucher USING btree (code varchar_pattern_ops);


--
-- Name: aplicatie_voucher_eligible_users_customuser_id_077a3238; Type: INDEX; Schema: django; Owner: andrei
--

CREATE INDEX aplicatie_voucher_eligible_users_customuser_id_077a3238 ON django.aplicatie_voucher_eligible_users USING btree (customuser_id);


--
-- Name: aplicatie_voucher_eligible_users_voucher_id_f4538fd8; Type: INDEX; Schema: django; Owner: andrei
--

CREATE INDEX aplicatie_voucher_eligible_users_voucher_id_f4538fd8 ON django.aplicatie_voucher_eligible_users USING btree (voucher_id);


--
-- Name: auth_group_name_a6ea08ec_like; Type: INDEX; Schema: django; Owner: andrei
--

CREATE INDEX auth_group_name_a6ea08ec_like ON django.auth_group USING btree (name varchar_pattern_ops);


--
-- Name: auth_group_permissions_group_id_b120cbf9; Type: INDEX; Schema: django; Owner: andrei
--

CREATE INDEX auth_group_permissions_group_id_b120cbf9 ON django.auth_group_permissions USING btree (group_id);


--
-- Name: auth_group_permissions_permission_id_84c5c92e; Type: INDEX; Schema: django; Owner: andrei
--

CREATE INDEX auth_group_permissions_permission_id_84c5c92e ON django.auth_group_permissions USING btree (permission_id);


--
-- Name: auth_permission_content_type_id_2f476e4b; Type: INDEX; Schema: django; Owner: andrei
--

CREATE INDEX auth_permission_content_type_id_2f476e4b ON django.auth_permission USING btree (content_type_id);


--
-- Name: auth_user_groups_group_id_97559544; Type: INDEX; Schema: django; Owner: andrei
--

CREATE INDEX auth_user_groups_group_id_97559544 ON django.auth_user_groups USING btree (group_id);


--
-- Name: auth_user_groups_user_id_6a12ed8b; Type: INDEX; Schema: django; Owner: andrei
--

CREATE INDEX auth_user_groups_user_id_6a12ed8b ON django.auth_user_groups USING btree (user_id);


--
-- Name: auth_user_user_permissions_permission_id_1fbb5f2c; Type: INDEX; Schema: django; Owner: andrei
--

CREATE INDEX auth_user_user_permissions_permission_id_1fbb5f2c ON django.auth_user_user_permissions USING btree (permission_id);


--
-- Name: auth_user_user_permissions_user_id_a95ead1b; Type: INDEX; Schema: django; Owner: andrei
--

CREATE INDEX auth_user_user_permissions_user_id_a95ead1b ON django.auth_user_user_permissions USING btree (user_id);


--
-- Name: auth_user_username_6821ab7c_like; Type: INDEX; Schema: django; Owner: andrei
--

CREATE INDEX auth_user_username_6821ab7c_like ON django.auth_user USING btree (username varchar_pattern_ops);


--
-- Name: django_admin_log_content_type_id_c4bce8eb; Type: INDEX; Schema: django; Owner: andrei
--

CREATE INDEX django_admin_log_content_type_id_c4bce8eb ON django.django_admin_log USING btree (content_type_id);


--
-- Name: django_admin_log_user_id_c564eba6; Type: INDEX; Schema: django; Owner: andrei
--

CREATE INDEX django_admin_log_user_id_c564eba6 ON django.django_admin_log USING btree (user_id);


--
-- Name: django_session_expire_date_a5c62663; Type: INDEX; Schema: django; Owner: andrei
--

CREATE INDEX django_session_expire_date_a5c62663 ON django.django_session USING btree (expire_date);


--
-- Name: django_session_session_key_c0390e0f_like; Type: INDEX; Schema: django; Owner: andrei
--

CREATE INDEX django_session_session_key_c0390e0f_like ON django.django_session USING btree (session_key varchar_pattern_ops);


--
-- Name: aplicatie_comanda aplicatie_comanda_user_id_f8c679a3_fk_aplicatie_customuser_id; Type: FK CONSTRAINT; Schema: django; Owner: andrei
--

ALTER TABLE ONLY django.aplicatie_comanda
    ADD CONSTRAINT aplicatie_comanda_user_id_f8c679a3_fk_aplicatie_customuser_id FOREIGN KEY (user_id) REFERENCES django.aplicatie_customuser(id) DEFERRABLE INITIALLY DEFERRED;


--
-- Name: aplicatie_comanda aplicatie_comanda_voucher_id_14870d12_fk_aplicatie_voucher_id; Type: FK CONSTRAINT; Schema: django; Owner: andrei
--

ALTER TABLE ONLY django.aplicatie_comanda
    ADD CONSTRAINT aplicatie_comanda_voucher_id_14870d12_fk_aplicatie_voucher_id FOREIGN KEY (voucher_id) REFERENCES django.aplicatie_voucher(id) DEFERRABLE INITIALLY DEFERRED;


--
-- Name: aplicatie_comandaitem aplicatie_comandaite_comanda_id_8a09ac57_fk_aplicatie; Type: FK CONSTRAINT; Schema: django; Owner: andrei
--

ALTER TABLE ONLY django.aplicatie_comandaitem
    ADD CONSTRAINT aplicatie_comandaite_comanda_id_8a09ac57_fk_aplicatie FOREIGN KEY (comanda_id) REFERENCES django.aplicatie_comanda(id) DEFERRABLE INITIALLY DEFERRED;


--
-- Name: aplicatie_comandaitem aplicatie_comandaite_produs_id_6d4fdc8c_fk_aplicatie; Type: FK CONSTRAINT; Schema: django; Owner: andrei
--

ALTER TABLE ONLY django.aplicatie_comandaitem
    ADD CONSTRAINT aplicatie_comandaite_produs_id_6d4fdc8c_fk_aplicatie FOREIGN KEY (produs_id) REFERENCES django.aplicatie_produs(id_produs) DEFERRABLE INITIALLY DEFERRED;


--
-- Name: aplicatie_customuser_user_permissions aplicatie_customuser_customuser_id_30fbb192_fk_aplicatie; Type: FK CONSTRAINT; Schema: django; Owner: andrei
--

ALTER TABLE ONLY django.aplicatie_customuser_user_permissions
    ADD CONSTRAINT aplicatie_customuser_customuser_id_30fbb192_fk_aplicatie FOREIGN KEY (customuser_id) REFERENCES django.aplicatie_customuser(id) DEFERRABLE INITIALLY DEFERRED;


--
-- Name: aplicatie_customuser_groups aplicatie_customuser_customuser_id_d7b03057_fk_aplicatie; Type: FK CONSTRAINT; Schema: django; Owner: andrei
--

ALTER TABLE ONLY django.aplicatie_customuser_groups
    ADD CONSTRAINT aplicatie_customuser_customuser_id_d7b03057_fk_aplicatie FOREIGN KEY (customuser_id) REFERENCES django.aplicatie_customuser(id) DEFERRABLE INITIALLY DEFERRED;


--
-- Name: aplicatie_customuser_groups aplicatie_customuser_groups_group_id_80592bae_fk_auth_group_id; Type: FK CONSTRAINT; Schema: django; Owner: andrei
--

ALTER TABLE ONLY django.aplicatie_customuser_groups
    ADD CONSTRAINT aplicatie_customuser_groups_group_id_80592bae_fk_auth_group_id FOREIGN KEY (group_id) REFERENCES django.auth_group(id) DEFERRABLE INITIALLY DEFERRED;


--
-- Name: aplicatie_customuser_user_permissions aplicatie_customuser_permission_id_6e9921b3_fk_auth_perm; Type: FK CONSTRAINT; Schema: django; Owner: andrei
--

ALTER TABLE ONLY django.aplicatie_customuser_user_permissions
    ADD CONSTRAINT aplicatie_customuser_permission_id_6e9921b3_fk_auth_perm FOREIGN KEY (permission_id) REFERENCES django.auth_permission(id) DEFERRABLE INITIALLY DEFERRED;


--
-- Name: aplicatie_produs aplicatie_produs_brand_id_1c29e705_fk_aplicatie_brand_id_brand; Type: FK CONSTRAINT; Schema: django; Owner: andrei
--

ALTER TABLE ONLY django.aplicatie_produs
    ADD CONSTRAINT aplicatie_produs_brand_id_1c29e705_fk_aplicatie_brand_id_brand FOREIGN KEY (brand_id) REFERENCES django.aplicatie_brand(id_brand) DEFERRABLE INITIALLY DEFERRED;


--
-- Name: aplicatie_produs aplicatie_produs_categorie_id_00dd678a_fk_aplicatie; Type: FK CONSTRAINT; Schema: django; Owner: andrei
--

ALTER TABLE ONLY django.aplicatie_produs
    ADD CONSTRAINT aplicatie_produs_categorie_id_00dd678a_fk_aplicatie FOREIGN KEY (categorie_id) REFERENCES django.aplicatie_categorie(id_categorie) DEFERRABLE INITIALLY DEFERRED;


--
-- Name: aplicatie_produs_culori aplicatie_produs_cul_culoare_id_222e1fb3_fk_aplicatie; Type: FK CONSTRAINT; Schema: django; Owner: andrei
--

ALTER TABLE ONLY django.aplicatie_produs_culori
    ADD CONSTRAINT aplicatie_produs_cul_culoare_id_222e1fb3_fk_aplicatie FOREIGN KEY (culoare_id) REFERENCES django.aplicatie_culoare(id_culoare) DEFERRABLE INITIALLY DEFERRED;


--
-- Name: aplicatie_produs_culori aplicatie_produs_cul_produs_id_215206dd_fk_aplicatie; Type: FK CONSTRAINT; Schema: django; Owner: andrei
--

ALTER TABLE ONLY django.aplicatie_produs_culori
    ADD CONSTRAINT aplicatie_produs_cul_produs_id_215206dd_fk_aplicatie FOREIGN KEY (produs_id) REFERENCES django.aplicatie_produs(id_produs) DEFERRABLE INITIALLY DEFERRED;


--
-- Name: aplicatie_produs_dimensiuni aplicatie_produs_dim_dimensiune_id_7700199e_fk_aplicatie; Type: FK CONSTRAINT; Schema: django; Owner: andrei
--

ALTER TABLE ONLY django.aplicatie_produs_dimensiuni
    ADD CONSTRAINT aplicatie_produs_dim_dimensiune_id_7700199e_fk_aplicatie FOREIGN KEY (dimensiune_id) REFERENCES django.aplicatie_dimensiune(id_dimensiune) DEFERRABLE INITIALLY DEFERRED;


--
-- Name: aplicatie_produs_dimensiuni aplicatie_produs_dim_produs_id_48160335_fk_aplicatie; Type: FK CONSTRAINT; Schema: django; Owner: andrei
--

ALTER TABLE ONLY django.aplicatie_produs_dimensiuni
    ADD CONSTRAINT aplicatie_produs_dim_produs_id_48160335_fk_aplicatie FOREIGN KEY (produs_id) REFERENCES django.aplicatie_produs(id_produs) DEFERRABLE INITIALLY DEFERRED;


--
-- Name: aplicatie_produs aplicatie_produs_furnizor_id_e401bc7e_fk_aplicatie; Type: FK CONSTRAINT; Schema: django; Owner: andrei
--

ALTER TABLE ONLY django.aplicatie_produs
    ADD CONSTRAINT aplicatie_produs_furnizor_id_e401bc7e_fk_aplicatie FOREIGN KEY (furnizor_id) REFERENCES django.aplicatie_furnizor(id_furnizor) DEFERRABLE INITIALLY DEFERRED;


--
-- Name: aplicatie_review aplicatie_review_produs_id_2dce8af1_fk_aplicatie; Type: FK CONSTRAINT; Schema: django; Owner: andrei
--

ALTER TABLE ONLY django.aplicatie_review
    ADD CONSTRAINT aplicatie_review_produs_id_2dce8af1_fk_aplicatie FOREIGN KEY (produs_id) REFERENCES django.aplicatie_produs(id_produs) DEFERRABLE INITIALLY DEFERRED;


--
-- Name: aplicatie_review aplicatie_review_user_id_bb80ba95_fk_aplicatie_customuser_id; Type: FK CONSTRAINT; Schema: django; Owner: andrei
--

ALTER TABLE ONLY django.aplicatie_review
    ADD CONSTRAINT aplicatie_review_user_id_bb80ba95_fk_aplicatie_customuser_id FOREIGN KEY (user_id) REFERENCES django.aplicatie_customuser(id) DEFERRABLE INITIALLY DEFERRED;


--
-- Name: aplicatie_voucher_eligible_users aplicatie_voucher_el_customuser_id_077a3238_fk_aplicatie; Type: FK CONSTRAINT; Schema: django; Owner: andrei
--

ALTER TABLE ONLY django.aplicatie_voucher_eligible_users
    ADD CONSTRAINT aplicatie_voucher_el_customuser_id_077a3238_fk_aplicatie FOREIGN KEY (customuser_id) REFERENCES django.aplicatie_customuser(id) DEFERRABLE INITIALLY DEFERRED;


--
-- Name: aplicatie_voucher_eligible_users aplicatie_voucher_el_voucher_id_f4538fd8_fk_aplicatie; Type: FK CONSTRAINT; Schema: django; Owner: andrei
--

ALTER TABLE ONLY django.aplicatie_voucher_eligible_users
    ADD CONSTRAINT aplicatie_voucher_el_voucher_id_f4538fd8_fk_aplicatie FOREIGN KEY (voucher_id) REFERENCES django.aplicatie_voucher(id) DEFERRABLE INITIALLY DEFERRED;


--
-- Name: auth_group_permissions auth_group_permissio_permission_id_84c5c92e_fk_auth_perm; Type: FK CONSTRAINT; Schema: django; Owner: andrei
--

ALTER TABLE ONLY django.auth_group_permissions
    ADD CONSTRAINT auth_group_permissio_permission_id_84c5c92e_fk_auth_perm FOREIGN KEY (permission_id) REFERENCES django.auth_permission(id) DEFERRABLE INITIALLY DEFERRED;


--
-- Name: auth_group_permissions auth_group_permissions_group_id_b120cbf9_fk_auth_group_id; Type: FK CONSTRAINT; Schema: django; Owner: andrei
--

ALTER TABLE ONLY django.auth_group_permissions
    ADD CONSTRAINT auth_group_permissions_group_id_b120cbf9_fk_auth_group_id FOREIGN KEY (group_id) REFERENCES django.auth_group(id) DEFERRABLE INITIALLY DEFERRED;


--
-- Name: auth_permission auth_permission_content_type_id_2f476e4b_fk_django_co; Type: FK CONSTRAINT; Schema: django; Owner: andrei
--

ALTER TABLE ONLY django.auth_permission
    ADD CONSTRAINT auth_permission_content_type_id_2f476e4b_fk_django_co FOREIGN KEY (content_type_id) REFERENCES django.django_content_type(id) DEFERRABLE INITIALLY DEFERRED;


--
-- Name: auth_user_groups auth_user_groups_group_id_97559544_fk_auth_group_id; Type: FK CONSTRAINT; Schema: django; Owner: andrei
--

ALTER TABLE ONLY django.auth_user_groups
    ADD CONSTRAINT auth_user_groups_group_id_97559544_fk_auth_group_id FOREIGN KEY (group_id) REFERENCES django.auth_group(id) DEFERRABLE INITIALLY DEFERRED;


--
-- Name: auth_user_groups auth_user_groups_user_id_6a12ed8b_fk_auth_user_id; Type: FK CONSTRAINT; Schema: django; Owner: andrei
--

ALTER TABLE ONLY django.auth_user_groups
    ADD CONSTRAINT auth_user_groups_user_id_6a12ed8b_fk_auth_user_id FOREIGN KEY (user_id) REFERENCES django.auth_user(id) DEFERRABLE INITIALLY DEFERRED;


--
-- Name: auth_user_user_permissions auth_user_user_permi_permission_id_1fbb5f2c_fk_auth_perm; Type: FK CONSTRAINT; Schema: django; Owner: andrei
--

ALTER TABLE ONLY django.auth_user_user_permissions
    ADD CONSTRAINT auth_user_user_permi_permission_id_1fbb5f2c_fk_auth_perm FOREIGN KEY (permission_id) REFERENCES django.auth_permission(id) DEFERRABLE INITIALLY DEFERRED;


--
-- Name: auth_user_user_permissions auth_user_user_permissions_user_id_a95ead1b_fk_auth_user_id; Type: FK CONSTRAINT; Schema: django; Owner: andrei
--

ALTER TABLE ONLY django.auth_user_user_permissions
    ADD CONSTRAINT auth_user_user_permissions_user_id_a95ead1b_fk_auth_user_id FOREIGN KEY (user_id) REFERENCES django.auth_user(id) DEFERRABLE INITIALLY DEFERRED;


--
-- Name: django_admin_log django_admin_log_content_type_id_c4bce8eb_fk_django_co; Type: FK CONSTRAINT; Schema: django; Owner: andrei
--

ALTER TABLE ONLY django.django_admin_log
    ADD CONSTRAINT django_admin_log_content_type_id_c4bce8eb_fk_django_co FOREIGN KEY (content_type_id) REFERENCES django.django_content_type(id) DEFERRABLE INITIALLY DEFERRED;


--
-- Name: django_admin_log django_admin_log_user_id_c564eba6_fk_auth_user_id; Type: FK CONSTRAINT; Schema: django; Owner: andrei
--

ALTER TABLE ONLY django.django_admin_log
    ADD CONSTRAINT django_admin_log_user_id_c564eba6_fk_auth_user_id FOREIGN KEY (user_id) REFERENCES django.auth_user(id) DEFERRABLE INITIALLY DEFERRED;


--
-- Name: SCHEMA django; Type: ACL; Schema: -; Owner: postgres
--

GRANT ALL ON SCHEMA django TO andrei;


--
-- PostgreSQL database dump complete
--

\unrestrict Y3NLkoaPnAUlpLbqzJPJHzCoYhVfnakVSJFEZ7JV6uMa60wmSpfVybAAxm6K1Kz

